-- Email admin: quickloansystem@gmail.com - password: Abcd@1234
-- Default user password: 123 



-- phpMyAdmin SQL Dump
-- version 5.1.1
-- https://www.phpmyadmin.net/
--
-- Host: 127.0.0.1
-- Generation Time: Aug 21, 2021 at 08:51 AM
-- Server version: 10.4.20-MariaDB
-- PHP Version: 8.0.8

SET SQL_MODE = "NO_AUTO_VALUE_ON_ZERO";
START TRANSACTION;
SET time_zone = "+00:00";
create database IF NOT EXISTS loan_processing_system CHARACTER SET utf8mb4 COLLATE utf8mb4_unicode_ci;

USE loan_processing_system;


/*!40101 SET @OLD_CHARACTER_SET_CLIENT=@@CHARACTER_SET_CLIENT */;
/*!40101 SET @OLD_CHARACTER_SET_RESULTS=@@CHARACTER_SET_RESULTS */;
/*!40101 SET @OLD_COLLATION_CONNECTION=@@COLLATION_CONNECTION */;
/*!40101 SET NAMES utf8mb4 */;

--
-- Database: `loan_processing_system`
--

-- --------------------------------------------------------

--
-- Table structure for table `account`
--

CREATE TABLE `account` (
  `Id` int(11) NOT NULL,
  `AuthId` int(11) DEFAULT NULL,
  `Name` varchar(50) COLLATE utf8mb4_unicode_ci DEFAULT NULL,
  `Password` varchar(100) COLLATE utf8mb4_unicode_ci DEFAULT NULL,
  `Address` text COLLATE utf8mb4_unicode_ci DEFAULT NULL,
  `Phone` varchar(20) COLLATE utf8mb4_unicode_ci DEFAULT NULL,
  `Email` varchar(50) COLLATE utf8mb4_unicode_ci DEFAULT NULL,
  `Gender` tinyint(4) DEFAULT NULL,
  `DOB` date DEFAULT NULL,
  `IdentityCard` varchar(50) COLLATE utf8mb4_unicode_ci DEFAULT NULL,
  `Status` tinyint(4) DEFAULT NULL
) ENGINE=InnoDB DEFAULT CHARSET=utf8mb4 COLLATE=utf8mb4_unicode_ci;
-- Email admin: quickloansystem@gmail.com - password: Abcd@1234
-- Default user password: 123 
INSERT INTO `account` (`Id`, `AuthId`, `Name`, `Password`, `Address`, `Phone`, `Email`, `Gender`, `DOB`, `IdentityCard`, `Status`) VALUES
(1, 2, 'Admin', '$2a$10$mgY9/7i9MPQH8NoTImoGu.JK4G1FKCUZNjECZbyj3EgmiXQqCrC2W', '217 Thich Quang Duc, ward 04, Phu Nhuan Dist, HCM City', '098773230', 'quickloansystem@gmail.com', 0, '1991-07-08', '245207565', 1),
(2, 1, 'Nguyen Minh Thanh', '$2a$10$mgY9/7i9MPQH8NoTImoGu.JK4G1FKCUZNjECZbyj3EgmiXQqCrC2W', '198 No Trang Long, ward 12, Binh Thanh Dist, HCM City', '0987721223', 'minhthanh@gmail.com', 0, '1991-07-08', '245207565', 1),
(3, 1, 'Le Co', '$2a$10$mgY9/7i9MPQH8NoTImoGu.JK4G1FKCUZNjECZbyj3EgmiXQqCrC2W', '183 Huynh Tan Phat, ward 12, Dist 7, HCM City', '098775464', 'leco@gmail.com', 0, '1993-07-08', '654852354', 1),
(4, 1, 'Nguyen Tri Quang', '$2a$10$mgY9/7i9MPQH8NoTImoGu.JK4G1FKCUZNjECZbyj3EgmiXQqCrC2W', '58 Street, ward 12, Dist 7, HCM City', '098775464', 'triquang@gmail.com', 0, '1994-07-08', '654852354', 1),
(5, 1, 'Thien An', '$2a$10$mgY9/7i9MPQH8NoTImoGu.JK4G1FKCUZNjECZbyj3EgmiXQqCrC2W', '183 Huynh Tan Phat, ward 12, Dist 7, HCM City', '098775464', 'thienan@gmail.com', 0, '2000-07-08', '654852354', 1);

-- --------------------------------------------------------

--
-- Table structure for table `authorities`
--

CREATE TABLE `authorities` (
  `Id` int(11) NOT NULL,
  `Name` varchar(50) COLLATE utf8mb4_unicode_ci DEFAULT NULL
) ENGINE=InnoDB DEFAULT CHARSET=utf8mb4 COLLATE=utf8mb4_unicode_ci;

--
-- Dumping data for table `authorities`
--

INSERT INTO `authorities` (`Id`, `Name`) VALUES
(1, 'Staff'),
(2, 'Admin');

-- --------------------------------------------------------

--
-- Table structure for table `customer`
--

CREATE TABLE `customer` (
  `Id` int(11) NOT NULL,
  `Name` varchar(50) COLLATE utf8mb4_unicode_ci DEFAULT NULL,
  `Address` text COLLATE utf8mb4_unicode_ci DEFAULT NULL,
  `Phone` varchar(20) COLLATE utf8mb4_unicode_ci DEFAULT NULL,
  `Email` varchar(50) COLLATE utf8mb4_unicode_ci DEFAULT NULL,
  `Gender` tinyint(4) DEFAULT NULL,
  `DOB` date DEFAULT NULL,
  `Salary` double DEFAULT NULL,
  `Job` varchar(50) COLLATE utf8mb4_unicode_ci DEFAULT NULL,
  `Company` varchar(50) COLLATE utf8mb4_unicode_ci DEFAULT NULL,
  `IdentityCard` varchar(50) COLLATE utf8mb4_unicode_ci DEFAULT NULL,
  `Status` tinyint(4) DEFAULT NULL
) ENGINE=InnoDB DEFAULT CHARSET=utf8mb4 COLLATE=utf8mb4_unicode_ci;

--
-- Dumping data for table `customer`
--

INSERT INTO `customer` (`Id`, `Name`, `Address`, `Phone`, `Email`, `Gender`, `DOB`, `Salary`, `Job`, `Company`, `IdentityCard`, `Status`) VALUES
(1, 'Hong That Cong', '48 Phan Dinh Phung, ward 12, Phu Nhuan Dist, HCM City', '098772330', 'thatcon@gmail.com', 0, '1991-07-08', 30000000, 'IT', 'ABC Co. Ltd.', '245207565', 1),
(2, 'Hoang Lao Ta', '183 Nguyen Dinh Chieu, ward 12, Dist 3, HCM City', '098775464', 'laota@gmail.com', 0, '1993-07-08', 10000000, 'Shipper', 'Grab Co. Ltd.', '654852354', 1),
(3, 'Chu Ba Thong', '58 Nguyen Van Thu, Dakao ward, Dist 1, HCM City', '098775464', 'chuchu@gmail.com', 0, '1994-07-08', 10000000, 'Shipper', 'Grab Co. Ltd.', '654852354', 1),
(4, 'Phan Teo', '23 Nguyen Oanh, ward 14, Go Vap dist, HCM City', '0987258369', 'teophan@gmail.com', 1, '2003-08-22', 30000000, 'No', 'No', '987654258CD', 1);

-- --------------------------------------------------------

--
-- Table structure for table `fine`
--

CREATE TABLE `fine` (
  `Id` int(11) NOT NULL,
  `FineInterest` double DEFAULT NULL,
  `Min` double DEFAULT NULL,
  `Max` double DEFAULT NULL,
  `Description` text COLLATE utf8mb4_unicode_ci DEFAULT NULL,
  `Status` tinyint(4) DEFAULT NULL
) ENGINE=InnoDB DEFAULT CHARSET=utf8mb4 COLLATE=utf8mb4_unicode_ci;

--
-- Dumping data for table `fine`
--

INSERT INTO `fine` (`Id`, `FineInterest`, `Min`, `Max`, `Description`, `Status`) VALUES
(1, 0.02, 1, 5000, '', 1),
(2, 0.05, 5001, 20000, '', 1),
(3, 0.08, 20001, NULL, '', 1);

-- --------------------------------------------------------

--
-- Table structure for table `loan`
--

CREATE TABLE `loan` (
  `Id` int(11) NOT NULL,
  `LoanTypeId` int(11) DEFAULT NULL,
  `AccountId` int(11) DEFAULT NULL,
  `CustomerId` int(11) DEFAULT NULL,
  `PaymentTypeId` int(11) DEFAULT NULL,
  `Amount` double DEFAULT NULL,
  `Period` int(11) DEFAULT NULL,
  `CreateDate` date DEFAULT NULL,
  `DisbursementDate` date DEFAULT NULL,
  `Duration` int(11) DEFAULT NULL,
  `EndDate` date DEFAULT NULL,
  `Interest` double DEFAULT NULL,
  `Description` text COLLATE utf8mb4_unicode_ci DEFAULT NULL,
  `Status` int(11) DEFAULT 0
) ENGINE=InnoDB DEFAULT CHARSET=utf8mb4 COLLATE=utf8mb4_unicode_ci;

--
-- Dumping data for table `loan`
--

INSERT INTO `loan` (`Id`, `LoanTypeId`, `AccountId`, `CustomerId`, `PaymentTypeId`, `Amount`, `Period`, `CreateDate`, `DisbursementDate`, `Duration`, `EndDate`, `Interest`, `Description`, `Status`) VALUES
(7, 1, 3, 3, 1, 5000000000, 1, '2021-08-21', '2021-08-21', 48, '2025-08-21', 0.10000000149011612, '', 1),
(8, 1, 3, 2, 1, 500000000, 1, '2021-08-21', '2021-08-23', 6, '2022-02-23', 0.10000000149011612, '', 1),
(9, 2, 3, 1, 1, 10000000000, 1, '2021-07-21', '2021-07-22', 6, '2022-01-22', 0.12999999523162842, '', 1),
(10, 2, 3, 1, 1, 10000000000, 1, '2021-08-21', '2021-08-22', 24, '2023-08-22', 0.12999999523162842, '', 1),
(11, 4, 3, 2, 1, 1000000000, 1, '2021-07-19', '2021-07-20', 6, '2022-02-20', 0.05000000074505806, '', 1),
(12, 3, 3, 2, 1, 500000000, 1, '2021-08-21', '2021-08-21', 24, '2023-08-21', 0.18000000715255737, '', 0),
(13, 1, 3, 3, 1, 20000000000, 1, '2021-08-21', '2021-08-31', 72, '2027-08-31', 0.10000000149011612, '', 1),
(14, 1, 3, 2, 1, 8000000000, 1, '2021-08-21', '2021-08-21', 24, '2023-08-21', 0.10000000149011612, '', 0),
(15, 1, 3, 2, 1, 20000000000, 1, '2021-08-21', '2021-08-30', 18, '2023-03-02', 0.10000000149011612, '', 0),
(16, 4, 3, 2, 1, 2000000000, 1, '2021-08-21', '2021-08-24', 36, '2024-08-24', 0.05000000074505806, '', 0),
(17, 2, 3, 3, 1, 5000000000, 1, '2021-08-21', '2021-08-21', 48, '2025-08-21', 0.12999999523162842, '', 0),
(18, 1, 3, 3, 1, 7000000000, 1, '2021-08-21', '2021-08-21', 72, '2027-08-21', 0.10000000149011612, '', 0),
(19, 1, 3, 3, 1, 10000000000, 1, '2021-08-21', '2021-08-21', 72, '2027-08-21', 0.10000000149011612, '', 0),
(20, 1, 3, 3, 1, 40000000000, 1, '2021-08-21', '2021-08-24', 72, '2027-08-24', 0.10000000149011612, '', 0),
(21, 1, 3, 3, 1, 50000000000, 1, '2021-08-21', '2021-08-24', 72, '2027-08-24', 0.10000000149011612, '', 0),
(22, 1, 3, 3, 1, 100000000000, 1, '2021-08-21', '2021-08-21', 72, '2027-08-21', 0.10000000149011612, '', 0),
(23, 1, 3, 2, 1, 50000000000, 1, '2021-08-21', '2021-08-21', 72, '2027-08-21', 0.10000000149011612, '', 1),
(24, 4, 3, 1, 1, 100000000, 1, '2021-08-21', '2021-08-21', 24, '2023-08-21', 0.05000000074505806, '', 0),
(25, 3, 3, 1, 1, 500000000, 1, '2021-08-21', '2021-08-28', 36, '2024-08-28', 0.18000000715255737, '', 0),
(26, 2, 3, 3, 1, 400000000, 1, '2021-08-21', '2021-08-21', 24, '2023-08-21', 0.12999999523162842, '', 0),
(27, 2, 3, 3, 1, 1000000000, 1, '2021-08-21', '2021-08-21', 36, '2024-08-21', 0.12999999523162842, '', 0),
(28, 1, 3, 2, 1, 7000000000, 1, '2021-07-21', '2021-07-26', 24, '2023-07-26', 0.10000000149011612, '', 1),
(29, 1, 3, 1, 1, 15000000000, 1, '2021-08-21', '2021-08-21', 48, '2025-08-20', 0.10000000149011612, '', 0),
(30, 3, 3, 2, 1, 500000000, 1, '2021-07-16', '2021-07-17', 24, '2023-07-17', 0.18000000715255737, '', 0);

-- --------------------------------------------------------

--
-- Table structure for table `loanandfinehistory`
--

CREATE TABLE `loanandfinehistory` (
  `Id` int(11) NOT NULL,
  `LoanId` int(11) DEFAULT NULL,
  `FineId` int(11) DEFAULT NULL,
  `PaymentMethodId` int(11) DEFAULT NULL,
  `PaymentAmount` double DEFAULT NULL,
  `AmountLeft` double DEFAULT NULL,
  `DueDate` date DEFAULT NULL,
  `FineInterest` double DEFAULT NULL,
  `FineOverDays` int(11) DEFAULT NULL,
  `FineAmount` double DEFAULT NULL,
  `PaymentDate` date DEFAULT NULL,
  `Description` text COLLATE utf8mb4_unicode_ci DEFAULT NULL,
  `Status` tinyint(4) DEFAULT NULL,
  `Amount` double DEFAULT NULL
) ENGINE=InnoDB DEFAULT CHARSET=utf8mb4 COLLATE=utf8mb4_unicode_ci;

--
-- Dumping data for table `loanandfinehistory`
--

INSERT INTO `loanandfinehistory` (`Id`, `LoanId`, `FineId`, `PaymentMethodId`, `PaymentAmount`, `AmountLeft`, `DueDate`, `FineInterest`, `FineOverDays`, `FineAmount`, `PaymentDate`, `Description`, `Status`, `Amount`) VALUES
(5, 7, NULL, NULL, 145833333.95421505, 4895833333.333333, '2021-08-21', 0, 0, 0, NULL, NULL, 0, 5000000000),
(6, 7, NULL, NULL, 145833333.95421505, 4791666666.666666, '2021-09-21', 0, 0, 0, NULL, NULL, 0, 5000000000),
(7, 7, NULL, NULL, 145833333.95421505, 4687499999.999999, '2021-10-21', 0, 0, 0, NULL, NULL, 0, 5000000000),
(8, 7, NULL, NULL, 145833333.95421505, 4583333333.333332, '2021-11-21', 0, 0, 0, NULL, NULL, 0, 5000000000),
(9, 7, NULL, NULL, 145833333.95421505, 4479166666.666665, '2021-12-21', 0, 0, 0, NULL, NULL, 0, 5000000000),
(10, 7, NULL, NULL, 145833333.95421505, 4374999999.999998, '2022-01-21', 0, 0, 0, NULL, NULL, 0, 5000000000),
(11, 7, NULL, NULL, 145833333.95421505, 4270833333.3333316, '2022-02-21', 0, 0, 0, NULL, NULL, 0, 5000000000),
(12, 7, NULL, NULL, 145833333.95421505, 4166666666.666665, '2022-03-21', 0, 0, 0, NULL, NULL, 0, 5000000000),
(13, 7, NULL, NULL, 145833333.95421505, 4062499999.9999986, '2022-04-21', 0, 0, 0, NULL, NULL, 0, 5000000000),
(14, 7, NULL, NULL, 145833333.95421505, 3958333333.333332, '2022-05-21', 0, 0, 0, NULL, NULL, 0, 5000000000),
(15, 7, NULL, NULL, 145833333.95421505, 3854166666.6666656, '2022-06-21', 0, 0, 0, NULL, NULL, 0, 5000000000),
(16, 7, NULL, NULL, 145833333.95421505, 3749999999.999999, '2022-07-21', 0, 0, 0, NULL, NULL, 0, 5000000000),
(17, 7, NULL, NULL, 145833333.95421505, 3645833333.3333325, '2022-08-21', 0, 0, 0, NULL, NULL, 0, 5000000000),
(18, 7, NULL, NULL, 145833333.95421505, 3541666666.666666, '2022-09-21', 0, 0, 0, NULL, NULL, 0, 5000000000),
(19, 7, NULL, NULL, 145833333.95421505, 3437499999.9999995, '2022-10-21', 0, 0, 0, NULL, NULL, 0, 5000000000),
(20, 7, NULL, NULL, 145833333.95421505, 3333333333.333333, '2022-11-21', 0, 0, 0, NULL, NULL, 0, 5000000000),
(21, 7, NULL, NULL, 145833333.95421505, 3229166666.6666665, '2022-12-21', 0, 0, 0, NULL, NULL, 0, 5000000000),
(22, 7, NULL, NULL, 145833333.95421505, 3125000000, '2023-01-21', 0, 0, 0, NULL, NULL, 0, 5000000000),
(23, 7, NULL, NULL, 145833333.95421505, 3020833333.3333335, '2023-02-21', 0, 0, 0, NULL, NULL, 0, 5000000000),
(24, 7, NULL, NULL, 145833333.95421505, 2916666666.666667, '2023-03-21', 0, 0, 0, NULL, NULL, 0, 5000000000),
(25, 7, NULL, NULL, 145833333.95421505, 2812500000.0000005, '2023-04-21', 0, 0, 0, NULL, NULL, 0, 5000000000),
(26, 7, NULL, NULL, 145833333.95421505, 2708333333.333334, '2023-05-21', 0, 0, 0, NULL, NULL, 0, 5000000000),
(27, 7, NULL, NULL, 145833333.95421505, 2604166666.6666675, '2023-06-21', 0, 0, 0, NULL, NULL, 0, 5000000000),
(28, 7, NULL, NULL, 145833333.95421505, 2500000000.000001, '2023-07-21', 0, 0, 0, NULL, NULL, 0, 5000000000),
(29, 7, NULL, NULL, 145833333.95421505, 2395833333.3333344, '2023-08-21', 0, 0, 0, NULL, NULL, 0, 5000000000),
(30, 7, NULL, NULL, 145833333.95421505, 2291666666.666668, '2023-09-21', 0, 0, 0, NULL, NULL, 0, 5000000000),
(31, 7, NULL, NULL, 145833333.95421505, 2187500000.0000014, '2023-10-21', 0, 0, 0, NULL, NULL, 0, 5000000000),
(32, 7, NULL, NULL, 145833333.95421505, 2083333333.3333347, '2023-11-21', 0, 0, 0, NULL, NULL, 0, 5000000000),
(33, 7, NULL, NULL, 145833333.95421505, 1979166666.666668, '2023-12-21', 0, 0, 0, NULL, NULL, 0, 5000000000),
(34, 7, NULL, NULL, 145833333.95421505, 1875000000.0000012, '2024-01-21', 0, 0, 0, NULL, NULL, 0, 5000000000),
(35, 7, NULL, NULL, 145833333.95421505, 1770833333.3333344, '2024-02-21', 0, 0, 0, NULL, NULL, 0, 5000000000),
(36, 7, NULL, NULL, 145833333.95421505, 1666666666.6666677, '2024-03-21', 0, 0, 0, NULL, NULL, 0, 5000000000),
(37, 7, NULL, NULL, 145833333.95421505, 1562500000.000001, '2024-04-21', 0, 0, 0, NULL, NULL, 0, 5000000000),
(38, 7, NULL, NULL, 145833333.95421505, 1458333333.3333342, '2024-05-21', 0, 0, 0, NULL, NULL, 0, 5000000000),
(39, 7, NULL, NULL, 145833333.95421505, 1354166666.6666675, '2024-06-21', 0, 0, 0, NULL, NULL, 0, 5000000000),
(40, 7, NULL, NULL, 145833333.95421505, 1250000000.0000007, '2024-07-21', 0, 0, 0, NULL, NULL, 0, 5000000000),
(41, 7, NULL, NULL, 145833333.95421505, 1145833333.333334, '2024-08-21', 0, 0, 0, NULL, NULL, 0, 5000000000),
(42, 7, NULL, NULL, 145833333.95421505, 1041666666.6666673, '2024-09-21', 0, 0, 0, NULL, NULL, 0, 5000000000),
(43, 7, NULL, NULL, 145833333.95421505, 937500000.0000007, '2024-10-21', 0, 0, 0, NULL, NULL, 0, 5000000000),
(44, 7, NULL, NULL, 145833333.95421505, 833333333.3333341, '2024-11-21', 0, 0, 0, NULL, NULL, 0, 5000000000),
(45, 7, NULL, NULL, 145833333.95421505, 729166666.6666675, '2024-12-21', 0, 0, 0, NULL, NULL, 0, 5000000000),
(46, 7, NULL, NULL, 145833333.95421505, 625000000.0000008, '2025-01-21', 0, 0, 0, NULL, NULL, 0, 5000000000),
(47, 7, NULL, NULL, 145833333.95421505, 520833333.33333415, '2025-02-21', 0, 0, 0, NULL, NULL, 0, 5000000000),
(48, 7, NULL, NULL, 145833333.95421505, 416666666.66666746, '2025-03-21', 0, 0, 0, NULL, NULL, 0, 5000000000),
(49, 7, NULL, NULL, 145833333.95421505, 312500000.0000008, '2025-04-21', 0, 0, 0, NULL, NULL, 0, 5000000000),
(50, 7, NULL, NULL, 145833333.95421505, 208333333.3333341, '2025-05-21', 0, 0, 0, NULL, NULL, 0, 5000000000),
(51, 7, NULL, NULL, 145833333.95421505, 104166666.66666742, '2025-06-21', 0, 0, 0, NULL, NULL, 0, 5000000000),
(52, 7, NULL, NULL, 145833333.95421505, 0.0000007450580596923828, '2025-07-21', 0, 0, 0, NULL, NULL, 0, 5000000000),
(53, 8, NULL, NULL, 87500000.06208816, 416666666.6666667, '2021-08-23', 0, 0, 0, NULL, NULL, 0, 500000000),
(54, 8, NULL, NULL, 87500000.06208816, 333333333.3333334, '2021-09-23', 0, 0, 0, NULL, NULL, 0, 500000000),
(55, 8, NULL, NULL, 87500000.06208816, 250000000.00000006, '2021-10-23', 0, 0, 0, NULL, NULL, 0, 500000000),
(56, 8, NULL, NULL, 87500000.06208816, 166666666.66666675, '2021-11-23', 0, 0, 0, NULL, NULL, 0, 500000000),
(57, 8, NULL, NULL, 87500000.06208816, 83333333.33333342, '2021-12-23', 0, 0, 0, NULL, NULL, 0, 500000000),
(58, 8, NULL, NULL, 87500000.06208816, 0.00000008940696716308594, '2022-01-23', 0, 0, 0, NULL, NULL, 0, 500000000),
(59, 13, NULL, NULL, 444444446.92797136, 19722222222.22222, '2021-08-31', 0, 0, 0, NULL, NULL, 0, 20000000000),
(60, 13, NULL, NULL, 444444446.92797136, 19444444444.444443, '2021-10-01', 0, 0, 0, NULL, NULL, 0, 20000000000),
(61, 13, NULL, NULL, 444444446.92797136, 19166666666.666664, '2021-11-01', 0, 0, 0, NULL, NULL, 0, 20000000000),
(62, 13, NULL, NULL, 444444446.92797136, 18888888888.888885, '2021-12-01', 0, 0, 0, NULL, NULL, 0, 20000000000),
(63, 13, NULL, NULL, 444444446.92797136, 18611111111.111107, '2022-01-01', 0, 0, 0, NULL, NULL, 0, 20000000000),
(64, 13, NULL, NULL, 444444446.92797136, 18333333333.33333, '2022-02-01', 0, 0, 0, NULL, NULL, 0, 20000000000),
(65, 13, NULL, NULL, 444444446.92797136, 18055555555.55555, '2022-03-01', 0, 0, 0, NULL, NULL, 0, 20000000000),
(66, 13, NULL, NULL, 444444446.92797136, 17777777777.77777, '2022-04-01', 0, 0, 0, NULL, NULL, 0, 20000000000),
(67, 13, NULL, NULL, 444444446.92797136, 17499999999.999992, '2022-05-01', 0, 0, 0, NULL, NULL, 0, 20000000000),
(68, 13, NULL, NULL, 444444446.92797136, 17222222222.222214, '2022-06-01', 0, 0, 0, NULL, NULL, 0, 20000000000),
(69, 13, NULL, NULL, 444444446.92797136, 16944444444.444435, '2022-07-01', 0, 0, 0, NULL, NULL, 0, 20000000000),
(70, 13, NULL, NULL, 444444446.92797136, 16666666666.666656, '2022-08-01', 0, 0, 0, NULL, NULL, 0, 20000000000),
(71, 13, NULL, NULL, 444444446.92797136, 16388888888.888878, '2022-09-01', 0, 0, 0, NULL, NULL, 0, 20000000000),
(72, 13, NULL, NULL, 444444446.92797136, 16111111111.1111, '2022-10-01', 0, 0, 0, NULL, NULL, 0, 20000000000),
(73, 13, NULL, NULL, 444444446.92797136, 15833333333.33332, '2022-11-01', 0, 0, 0, NULL, NULL, 0, 20000000000),
(74, 13, NULL, NULL, 444444446.92797136, 15555555555.555542, '2022-12-01', 0, 0, 0, NULL, NULL, 0, 20000000000),
(75, 13, NULL, NULL, 444444446.92797136, 15277777777.777763, '2023-01-01', 0, 0, 0, NULL, NULL, 0, 20000000000),
(76, 13, NULL, NULL, 444444446.92797136, 14999999999.999985, '2023-02-01', 0, 0, 0, NULL, NULL, 0, 20000000000),
(77, 13, NULL, NULL, 444444446.92797136, 14722222222.222206, '2023-03-01', 0, 0, 0, NULL, NULL, 0, 20000000000),
(78, 13, NULL, NULL, 444444446.92797136, 14444444444.444427, '2023-04-01', 0, 0, 0, NULL, NULL, 0, 20000000000),
(79, 13, NULL, NULL, 444444446.92797136, 14166666666.666649, '2023-05-01', 0, 0, 0, NULL, NULL, 0, 20000000000),
(80, 13, NULL, NULL, 444444446.92797136, 13888888888.88887, '2023-06-01', 0, 0, 0, NULL, NULL, 0, 20000000000),
(81, 13, NULL, NULL, 444444446.92797136, 13611111111.111092, '2023-07-01', 0, 0, 0, NULL, NULL, 0, 20000000000),
(82, 13, NULL, NULL, 444444446.92797136, 13333333333.333313, '2023-08-01', 0, 0, 0, NULL, NULL, 0, 20000000000),
(83, 13, NULL, NULL, 444444446.92797136, 13055555555.555534, '2023-09-01', 0, 0, 0, NULL, NULL, 0, 20000000000),
(84, 13, NULL, NULL, 444444446.92797136, 12777777777.777756, '2023-10-01', 0, 0, 0, NULL, NULL, 0, 20000000000),
(85, 13, NULL, NULL, 444444446.92797136, 12499999999.999977, '2023-11-01', 0, 0, 0, NULL, NULL, 0, 20000000000),
(86, 13, NULL, NULL, 444444446.92797136, 12222222222.222198, '2023-12-01', 0, 0, 0, NULL, NULL, 0, 20000000000),
(87, 13, NULL, NULL, 444444446.92797136, 11944444444.44442, '2024-01-01', 0, 0, 0, NULL, NULL, 0, 20000000000),
(88, 13, NULL, NULL, 444444446.92797136, 11666666666.666641, '2024-02-01', 0, 0, 0, NULL, NULL, 0, 20000000000),
(89, 13, NULL, NULL, 444444446.92797136, 11388888888.888863, '2024-03-01', 0, 0, 0, NULL, NULL, 0, 20000000000),
(90, 13, NULL, NULL, 444444446.92797136, 11111111111.111084, '2024-04-01', 0, 0, 0, NULL, NULL, 0, 20000000000),
(91, 13, NULL, NULL, 444444446.92797136, 10833333333.333305, '2024-05-01', 0, 0, 0, NULL, NULL, 0, 20000000000),
(92, 13, NULL, NULL, 444444446.92797136, 10555555555.555527, '2024-06-01', 0, 0, 0, NULL, NULL, 0, 20000000000),
(93, 13, NULL, NULL, 444444446.92797136, 10277777777.777748, '2024-07-01', 0, 0, 0, NULL, NULL, 0, 20000000000),
(94, 13, NULL, NULL, 444444446.92797136, 9999999999.99997, '2024-08-01', 0, 0, 0, NULL, NULL, 0, 20000000000),
(95, 13, NULL, NULL, 444444446.92797136, 9722222222.22219, '2024-09-01', 0, 0, 0, NULL, NULL, 0, 20000000000),
(96, 13, NULL, NULL, 444444446.92797136, 9444444444.444412, '2024-10-01', 0, 0, 0, NULL, NULL, 0, 20000000000),
(97, 13, NULL, NULL, 444444446.92797136, 9166666666.666634, '2024-11-01', 0, 0, 0, NULL, NULL, 0, 20000000000),
(98, 13, NULL, NULL, 444444446.92797136, 8888888888.888855, '2024-12-01', 0, 0, 0, NULL, NULL, 0, 20000000000),
(99, 13, NULL, NULL, 444444446.92797136, 8611111111.111076, '2025-01-01', 0, 0, 0, NULL, NULL, 0, 20000000000),
(100, 13, NULL, NULL, 444444446.92797136, 8333333333.333299, '2025-02-01', 0, 0, 0, NULL, NULL, 0, 20000000000),
(101, 13, NULL, NULL, 444444446.92797136, 8055555555.555521, '2025-03-01', 0, 0, 0, NULL, NULL, 0, 20000000000),
(102, 13, NULL, NULL, 444444446.92797136, 7777777777.777743, '2025-04-01', 0, 0, 0, NULL, NULL, 0, 20000000000),
(103, 13, NULL, NULL, 444444446.92797136, 7499999999.999966, '2025-05-01', 0, 0, 0, NULL, NULL, 0, 20000000000),
(104, 13, NULL, NULL, 444444446.92797136, 7222222222.222188, '2025-06-01', 0, 0, 0, NULL, NULL, 0, 20000000000),
(105, 13, NULL, NULL, 444444446.92797136, 6944444444.44441, '2025-07-01', 0, 0, 0, NULL, NULL, 0, 20000000000),
(106, 13, NULL, NULL, 444444446.92797136, 6666666666.666633, '2025-08-01', 0, 0, 0, NULL, NULL, 0, 20000000000),
(107, 13, NULL, NULL, 444444446.92797136, 6388888888.888855, '2025-09-01', 0, 0, 0, NULL, NULL, 0, 20000000000),
(108, 13, NULL, NULL, 444444446.92797136, 6111111111.111077, '2025-10-01', 0, 0, 0, NULL, NULL, 0, 20000000000),
(109, 13, NULL, NULL, 444444446.92797136, 5833333333.3333, '2025-11-01', 0, 0, 0, NULL, NULL, 0, 20000000000),
(110, 13, NULL, NULL, 444444446.92797136, 5555555555.555522, '2025-12-01', 0, 0, 0, NULL, NULL, 0, 20000000000),
(111, 13, NULL, NULL, 444444446.92797136, 5277777777.777744, '2026-01-01', 0, 0, 0, NULL, NULL, 0, 20000000000),
(112, 13, NULL, NULL, 444444446.92797136, 4999999999.999967, '2026-02-01', 0, 0, 0, NULL, NULL, 0, 20000000000),
(113, 13, NULL, NULL, 444444446.92797136, 4722222222.222189, '2026-03-01', 0, 0, 0, NULL, NULL, 0, 20000000000),
(114, 13, NULL, NULL, 444444446.92797136, 4444444444.444411, '2026-04-01', 0, 0, 0, NULL, NULL, 0, 20000000000),
(115, 13, NULL, NULL, 444444446.92797136, 4166666666.6666336, '2026-05-01', 0, 0, 0, NULL, NULL, 0, 20000000000),
(116, 13, NULL, NULL, 444444446.92797136, 3888888888.888856, '2026-06-01', 0, 0, 0, NULL, NULL, 0, 20000000000),
(117, 13, NULL, NULL, 444444446.92797136, 3611111111.1110783, '2026-07-01', 0, 0, 0, NULL, NULL, 0, 20000000000),
(118, 13, NULL, NULL, 444444446.92797136, 3333333333.3333006, '2026-08-01', 0, 0, 0, NULL, NULL, 0, 20000000000),
(119, 13, NULL, NULL, 444444446.92797136, 3055555555.555523, '2026-09-01', 0, 0, 0, NULL, NULL, 0, 20000000000),
(120, 13, NULL, NULL, 444444446.92797136, 2777777777.7777452, '2026-10-01', 0, 0, 0, NULL, NULL, 0, 20000000000),
(121, 13, NULL, NULL, 444444446.92797136, 2499999999.9999676, '2026-11-01', 0, 0, 0, NULL, NULL, 0, 20000000000),
(122, 13, NULL, NULL, 444444446.92797136, 2222222222.22219, '2026-12-01', 0, 0, 0, NULL, NULL, 0, 20000000000),
(123, 13, NULL, NULL, 444444446.92797136, 1944444444.4444122, '2027-01-01', 0, 0, 0, NULL, NULL, 0, 20000000000),
(124, 13, NULL, NULL, 444444446.92797136, 1666666666.6666346, '2027-02-01', 0, 0, 0, NULL, NULL, 0, 20000000000),
(125, 13, NULL, NULL, 444444446.92797136, 1388888888.888857, '2027-03-01', 0, 0, 0, NULL, NULL, 0, 20000000000),
(126, 13, NULL, NULL, 444444446.92797136, 1111111111.1110792, '2027-04-01', 0, 0, 0, NULL, NULL, 0, 20000000000),
(127, 13, NULL, NULL, 444444446.92797136, 833333333.3333014, '2027-05-01', 0, 0, 0, NULL, NULL, 0, 20000000000),
(128, 13, NULL, NULL, 444444446.92797136, 555555555.5555236, '2027-06-01', 0, 0, 0, NULL, NULL, 0, 20000000000),
(129, 13, NULL, NULL, 444444446.92797136, 277777777.77774584, '2027-07-01', 0, 0, 0, NULL, NULL, 0, 20000000000),
(130, 13, NULL, NULL, 444444446.92797136, 0.000031948089599609375, '2027-08-01', 0, 0, 0, NULL, NULL, 0, 20000000000),
(131, 28, NULL, NULL, 350000000.86923444, 6708333333.333333, '2021-07-26', 0, 0, 0, NULL, NULL, 0, 7000000000),
(132, 28, NULL, NULL, 350000000.86923444, 6416666666.666666, '2021-08-26', 0, 0, 0, NULL, NULL, 0, 7000000000),
(133, 28, NULL, NULL, 350000000.86923444, 6124999999.999999, '2021-09-26', 0, 0, 0, NULL, NULL, 0, 7000000000),
(134, 28, NULL, NULL, 350000000.86923444, 5833333333.333332, '2021-10-26', 0, 0, 0, NULL, NULL, 0, 7000000000),
(135, 28, NULL, NULL, 350000000.86923444, 5541666666.666665, '2021-11-26', 0, 0, 0, NULL, NULL, 0, 7000000000),
(136, 28, NULL, NULL, 350000000.86923444, 5249999999.999998, '2021-12-26', 0, 0, 0, NULL, NULL, 0, 7000000000),
(137, 28, NULL, NULL, 350000000.86923444, 4958333333.333331, '2022-01-26', 0, 0, 0, NULL, NULL, 0, 7000000000),
(138, 28, NULL, NULL, 350000000.86923444, 4666666666.666664, '2022-02-26', 0, 0, 0, NULL, NULL, 0, 7000000000),
(139, 28, NULL, NULL, 350000000.86923444, 4374999999.999997, '2022-03-26', 0, 0, 0, NULL, NULL, 0, 7000000000),
(140, 28, NULL, NULL, 350000000.86923444, 4083333333.3333306, '2022-04-26', 0, 0, 0, NULL, NULL, 0, 7000000000),
(141, 28, NULL, NULL, 350000000.86923444, 3791666666.666664, '2022-05-26', 0, 0, 0, NULL, NULL, 0, 7000000000),
(142, 28, NULL, NULL, 350000000.86923444, 3499999999.9999976, '2022-06-26', 0, 0, 0, NULL, NULL, 0, 7000000000),
(143, 28, NULL, NULL, 350000000.86923444, 3208333333.333331, '2022-07-26', 0, 0, 0, NULL, NULL, 0, 7000000000),
(144, 28, NULL, NULL, 350000000.86923444, 2916666666.6666646, '2022-08-26', 0, 0, 0, NULL, NULL, 0, 7000000000),
(145, 28, NULL, NULL, 350000000.86923444, 2624999999.999998, '2022-09-26', 0, 0, 0, NULL, NULL, 0, 7000000000),
(146, 28, NULL, NULL, 350000000.86923444, 2333333333.3333316, '2022-10-26', 0, 0, 0, NULL, NULL, 0, 7000000000),
(147, 28, NULL, NULL, 350000000.86923444, 2041666666.6666648, '2022-11-26', 0, 0, 0, NULL, NULL, 0, 7000000000),
(148, 28, NULL, NULL, 350000000.86923444, 1749999999.999998, '2022-12-26', 0, 0, 0, NULL, NULL, 0, 7000000000),
(149, 28, NULL, NULL, 350000000.86923444, 1458333333.3333313, '2023-01-26', 0, 0, 0, NULL, NULL, 0, 7000000000),
(150, 28, NULL, NULL, 350000000.86923444, 1166666666.6666646, '2023-02-26', 0, 0, 0, NULL, NULL, 0, 7000000000),
(151, 28, NULL, NULL, 350000000.86923444, 874999999.9999979, '2023-03-26', 0, 0, 0, NULL, NULL, 0, 7000000000),
(152, 28, NULL, NULL, 350000000.86923444, 583333333.3333311, '2023-04-26', 0, 0, 0, NULL, NULL, 0, 7000000000),
(153, 28, NULL, NULL, 350000000.86923444, 291666666.6666644, '2023-05-26', 0, 0, 0, NULL, NULL, 0, 7000000000),
(154, 28, NULL, NULL, 350000000.86923444, 0.0000022649765014648438, '2023-06-26', 0, 0, 0, NULL, NULL, 0, 7000000000),
(155, 23, NULL, NULL, 1111111117.3199282, 49305555555.55556, '2021-08-21', 0, 0, 0, NULL, NULL, 0, 50000000000),
(156, 23, NULL, NULL, 1111111117.3199282, 48611111111.111115, '2021-09-21', 0, 0, 0, NULL, NULL, 0, 50000000000),
(157, 23, NULL, NULL, 1111111117.3199282, 47916666666.66667, '2021-10-21', 0, 0, 0, NULL, NULL, 0, 50000000000),
(158, 23, NULL, NULL, 1111111117.3199282, 47222222222.22223, '2021-11-21', 0, 0, 0, NULL, NULL, 0, 50000000000),
(159, 23, NULL, NULL, 1111111117.3199282, 46527777777.77779, '2021-12-21', 0, 0, 0, NULL, NULL, 0, 50000000000),
(160, 23, NULL, NULL, 1111111117.3199282, 45833333333.33334, '2022-01-21', 0, 0, 0, NULL, NULL, 0, 50000000000),
(161, 23, NULL, NULL, 1111111117.3199282, 45138888888.8889, '2022-02-21', 0, 0, 0, NULL, NULL, 0, 50000000000),
(162, 23, NULL, NULL, 1111111117.3199282, 44444444444.44446, '2022-03-21', 0, 0, 0, NULL, NULL, 0, 50000000000),
(163, 23, NULL, NULL, 1111111117.3199282, 43750000000.000015, '2022-04-21', 0, 0, 0, NULL, NULL, 0, 50000000000),
(164, 23, NULL, NULL, 1111111117.3199282, 43055555555.55557, '2022-05-21', 0, 0, 0, NULL, NULL, 0, 50000000000),
(165, 23, NULL, NULL, 1111111117.3199282, 42361111111.11113, '2022-06-21', 0, 0, 0, NULL, NULL, 0, 50000000000),
(166, 23, NULL, NULL, 1111111117.3199282, 41666666666.66669, '2022-07-21', 0, 0, 0, NULL, NULL, 0, 50000000000),
(167, 23, NULL, NULL, 1111111117.3199282, 40972222222.222244, '2022-08-21', 0, 0, 0, NULL, NULL, 0, 50000000000),
(168, 23, NULL, NULL, 1111111117.3199282, 40277777777.7778, '2022-09-21', 0, 0, 0, NULL, NULL, 0, 50000000000),
(169, 23, NULL, NULL, 1111111117.3199282, 39583333333.33336, '2022-10-21', 0, 0, 0, NULL, NULL, 0, 50000000000),
(170, 23, NULL, NULL, 1111111117.3199282, 38888888888.888916, '2022-11-21', 0, 0, 0, NULL, NULL, 0, 50000000000),
(171, 23, NULL, NULL, 1111111117.3199282, 38194444444.44447, '2022-12-21', 0, 0, 0, NULL, NULL, 0, 50000000000),
(172, 23, NULL, NULL, 1111111117.3199282, 37500000000.00003, '2023-01-21', 0, 0, 0, NULL, NULL, 0, 50000000000),
(173, 23, NULL, NULL, 1111111117.3199282, 36805555555.55559, '2023-02-21', 0, 0, 0, NULL, NULL, 0, 50000000000),
(174, 23, NULL, NULL, 1111111117.3199282, 36111111111.111145, '2023-03-21', 0, 0, 0, NULL, NULL, 0, 50000000000),
(175, 23, NULL, NULL, 1111111117.3199282, 35416666666.6667, '2023-04-21', 0, 0, 0, NULL, NULL, 0, 50000000000),
(176, 23, NULL, NULL, 1111111117.3199282, 34722222222.22226, '2023-05-21', 0, 0, 0, NULL, NULL, 0, 50000000000),
(177, 23, NULL, NULL, 1111111117.3199282, 34027777777.777817, '2023-06-21', 0, 0, 0, NULL, NULL, 0, 50000000000),
(178, 23, NULL, NULL, 1111111117.3199282, 33333333333.333374, '2023-07-21', 0, 0, 0, NULL, NULL, 0, 50000000000),
(179, 23, NULL, NULL, 1111111117.3199282, 32638888888.88893, '2023-08-21', 0, 0, 0, NULL, NULL, 0, 50000000000),
(180, 23, NULL, NULL, 1111111117.3199282, 31944444444.44449, '2023-09-21', 0, 0, 0, NULL, NULL, 0, 50000000000),
(181, 23, NULL, NULL, 1111111117.3199282, 31250000000.000046, '2023-10-21', 0, 0, 0, NULL, NULL, 0, 50000000000),
(182, 23, NULL, NULL, 1111111117.3199282, 30555555555.555603, '2023-11-21', 0, 0, 0, NULL, NULL, 0, 50000000000),
(183, 23, NULL, NULL, 1111111117.3199282, 29861111111.11116, '2023-12-21', 0, 0, 0, NULL, NULL, 0, 50000000000),
(184, 23, NULL, NULL, 1111111117.3199282, 29166666666.666718, '2024-01-21', 0, 0, 0, NULL, NULL, 0, 50000000000),
(185, 23, NULL, NULL, 1111111117.3199282, 28472222222.222275, '2024-02-21', 0, 0, 0, NULL, NULL, 0, 50000000000),
(186, 23, NULL, NULL, 1111111117.3199282, 27777777777.777832, '2024-03-21', 0, 0, 0, NULL, NULL, 0, 50000000000),
(187, 23, NULL, NULL, 1111111117.3199282, 27083333333.33339, '2024-04-21', 0, 0, 0, NULL, NULL, 0, 50000000000),
(188, 23, NULL, NULL, 1111111117.3199282, 26388888888.888947, '2024-05-21', 0, 0, 0, NULL, NULL, 0, 50000000000),
(189, 23, NULL, NULL, 1111111117.3199282, 25694444444.444504, '2024-06-21', 0, 0, 0, NULL, NULL, 0, 50000000000),
(190, 23, NULL, NULL, 1111111117.3199282, 25000000000.00006, '2024-07-21', 0, 0, 0, NULL, NULL, 0, 50000000000),
(191, 23, NULL, NULL, 1111111117.3199282, 24305555555.55562, '2024-08-21', 0, 0, 0, NULL, NULL, 0, 50000000000),
(192, 23, NULL, NULL, 1111111117.3199282, 23611111111.111176, '2024-09-21', 0, 0, 0, NULL, NULL, 0, 50000000000),
(193, 23, NULL, NULL, 1111111117.3199282, 22916666666.666733, '2024-10-21', 0, 0, 0, NULL, NULL, 0, 50000000000),
(194, 23, NULL, NULL, 1111111117.3199282, 22222222222.22229, '2024-11-21', 0, 0, 0, NULL, NULL, 0, 50000000000),
(195, 23, NULL, NULL, 1111111117.3199282, 21527777777.777847, '2024-12-21', 0, 0, 0, NULL, NULL, 0, 50000000000),
(196, 23, NULL, NULL, 1111111117.3199282, 20833333333.333405, '2025-01-21', 0, 0, 0, NULL, NULL, 0, 50000000000),
(197, 23, NULL, NULL, 1111111117.3199282, 20138888888.88896, '2025-02-21', 0, 0, 0, NULL, NULL, 0, 50000000000),
(198, 23, NULL, NULL, 1111111117.3199282, 19444444444.44452, '2025-03-21', 0, 0, 0, NULL, NULL, 0, 50000000000),
(199, 23, NULL, NULL, 1111111117.3199282, 18750000000.000076, '2025-04-21', 0, 0, 0, NULL, NULL, 0, 50000000000),
(200, 23, NULL, NULL, 1111111117.3199282, 18055555555.555634, '2025-05-21', 0, 0, 0, NULL, NULL, 0, 50000000000),
(201, 23, NULL, NULL, 1111111117.3199282, 17361111111.11119, '2025-06-21', 0, 0, 0, NULL, NULL, 0, 50000000000),
(202, 23, NULL, NULL, 1111111117.3199282, 16666666666.666746, '2025-07-21', 0, 0, 0, NULL, NULL, 0, 50000000000),
(203, 23, NULL, NULL, 1111111117.3199282, 15972222222.222301, '2025-08-21', 0, 0, 0, NULL, NULL, 0, 50000000000),
(204, 23, NULL, NULL, 1111111117.3199282, 15277777777.777857, '2025-09-21', 0, 0, 0, NULL, NULL, 0, 50000000000),
(205, 23, NULL, NULL, 1111111117.3199282, 14583333333.333412, '2025-10-21', 0, 0, 0, NULL, NULL, 0, 50000000000),
(206, 23, NULL, NULL, 1111111117.3199282, 13888888888.888968, '2025-11-21', 0, 0, 0, NULL, NULL, 0, 50000000000),
(207, 23, NULL, NULL, 1111111117.3199282, 13194444444.444523, '2025-12-21', 0, 0, 0, NULL, NULL, 0, 50000000000),
(208, 23, NULL, NULL, 1111111117.3199282, 12500000000.000078, '2026-01-21', 0, 0, 0, NULL, NULL, 0, 50000000000),
(209, 23, NULL, NULL, 1111111117.3199282, 11805555555.555634, '2026-02-21', 0, 0, 0, NULL, NULL, 0, 50000000000),
(210, 23, NULL, NULL, 1111111117.3199282, 11111111111.111189, '2026-03-21', 0, 0, 0, NULL, NULL, 0, 50000000000),
(211, 23, NULL, NULL, 1111111117.3199282, 10416666666.666744, '2026-04-21', 0, 0, 0, NULL, NULL, 0, 50000000000),
(212, 23, NULL, NULL, 1111111117.3199282, 9722222222.2223, '2026-05-21', 0, 0, 0, NULL, NULL, 0, 50000000000),
(213, 23, NULL, NULL, 1111111117.3199282, 9027777777.777855, '2026-06-21', 0, 0, 0, NULL, NULL, 0, 50000000000),
(214, 23, NULL, NULL, 1111111117.3199282, 8333333333.33341, '2026-07-21', 0, 0, 0, NULL, NULL, 0, 50000000000),
(215, 23, NULL, NULL, 1111111117.3199282, 7638888888.888966, '2026-08-21', 0, 0, 0, NULL, NULL, 0, 50000000000),
(216, 23, NULL, NULL, 1111111117.3199282, 6944444444.444521, '2026-09-21', 0, 0, 0, NULL, NULL, 0, 50000000000),
(217, 23, NULL, NULL, 1111111117.3199282, 6250000000.000076, '2026-10-21', 0, 0, 0, NULL, NULL, 0, 50000000000),
(218, 23, NULL, NULL, 1111111117.3199282, 5555555555.555632, '2026-11-21', 0, 0, 0, NULL, NULL, 0, 50000000000),
(219, 23, NULL, NULL, 1111111117.3199282, 4861111111.111187, '2026-12-21', 0, 0, 0, NULL, NULL, 0, 50000000000),
(220, 23, NULL, NULL, 1111111117.3199282, 4166666666.6667423, '2027-01-21', 0, 0, 0, NULL, NULL, 0, 50000000000),
(221, 23, NULL, NULL, 1111111117.3199282, 3472222222.2222977, '2027-02-21', 0, 0, 0, NULL, NULL, 0, 50000000000),
(222, 23, NULL, NULL, 1111111117.3199282, 2777777777.777853, '2027-03-21', 0, 0, 0, NULL, NULL, 0, 50000000000),
(223, 23, NULL, NULL, 1111111117.3199282, 2083333333.3334086, '2027-04-21', 0, 0, 0, NULL, NULL, 0, 50000000000),
(224, 23, NULL, NULL, 1111111117.3199282, 1388888888.8889642, '2027-05-21', 0, 0, 0, NULL, NULL, 0, 50000000000),
(225, 23, NULL, NULL, 1111111117.3199282, 694444444.4445198, '2027-06-21', 0, 0, 0, NULL, NULL, 0, 50000000000),
(226, 23, NULL, NULL, 1111111117.3199282, 0.00007534027099609375, '2027-07-21', 0, 0, 0, NULL, NULL, 0, 50000000000),
(227, 10, NULL, NULL, 524999996.02635705, 9583333333.333334, '2021-08-22', 0, 0, 0, NULL, NULL, 0, 10000000000),
(228, 10, NULL, NULL, 524999996.02635705, 9166666666.666668, '2021-09-22', 0, 0, 0, NULL, NULL, 0, 10000000000),
(229, 10, NULL, NULL, 524999996.02635705, 8750000000.000002, '2021-10-22', 0, 0, 0, NULL, NULL, 0, 10000000000),
(230, 10, NULL, NULL, 524999996.02635705, 8333333333.333335, '2021-11-22', 0, 0, 0, NULL, NULL, 0, 10000000000),
(231, 10, NULL, NULL, 524999996.02635705, 7916666666.666668, '2021-12-22', 0, 0, 0, NULL, NULL, 0, 10000000000),
(232, 10, NULL, NULL, 524999996.02635705, 7500000000.000001, '2022-01-22', 0, 0, 0, NULL, NULL, 0, 10000000000),
(233, 10, NULL, NULL, 524999996.02635705, 7083333333.333334, '2022-02-22', 0, 0, 0, NULL, NULL, 0, 10000000000),
(234, 10, NULL, NULL, 524999996.02635705, 6666666666.666667, '2022-03-22', 0, 0, 0, NULL, NULL, 0, 10000000000),
(235, 10, NULL, NULL, 524999996.02635705, 6250000000, '2022-04-22', 0, 0, 0, NULL, NULL, 0, 10000000000),
(236, 10, NULL, NULL, 524999996.02635705, 5833333333.333333, '2022-05-22', 0, 0, 0, NULL, NULL, 0, 10000000000),
(237, 10, NULL, NULL, 524999996.02635705, 5416666666.666666, '2022-06-22', 0, 0, 0, NULL, NULL, 0, 10000000000),
(238, 10, NULL, NULL, 524999996.02635705, 4999999999.999999, '2022-07-22', 0, 0, 0, NULL, NULL, 0, 10000000000),
(239, 10, NULL, NULL, 524999996.02635705, 4583333333.333332, '2022-08-22', 0, 0, 0, NULL, NULL, 0, 10000000000),
(240, 10, NULL, NULL, 524999996.02635705, 4166666666.6666656, '2022-09-22', 0, 0, 0, NULL, NULL, 0, 10000000000),
(241, 10, NULL, NULL, 524999996.02635705, 3749999999.999999, '2022-10-22', 0, 0, 0, NULL, NULL, 0, 10000000000),
(242, 10, NULL, NULL, 524999996.02635705, 3333333333.3333325, '2022-11-22', 0, 0, 0, NULL, NULL, 0, 10000000000),
(243, 10, NULL, NULL, 524999996.02635705, 2916666666.666666, '2022-12-22', 0, 0, 0, NULL, NULL, 0, 10000000000),
(244, 10, NULL, NULL, 524999996.02635705, 2499999999.9999995, '2023-01-22', 0, 0, 0, NULL, NULL, 0, 10000000000),
(245, 10, NULL, NULL, 524999996.02635705, 2083333333.3333328, '2023-02-22', 0, 0, 0, NULL, NULL, 0, 10000000000),
(246, 10, NULL, NULL, 524999996.02635705, 1666666666.666666, '2023-03-22', 0, 0, 0, NULL, NULL, 0, 10000000000),
(247, 10, NULL, NULL, 524999996.02635705, 1249999999.9999993, '2023-04-22', 0, 0, 0, NULL, NULL, 0, 10000000000),
(248, 10, NULL, NULL, 524999996.02635705, 833333333.3333325, '2023-05-22', 0, 0, 0, NULL, NULL, 0, 10000000000),
(249, 10, NULL, NULL, 524999996.02635705, 416666666.66666585, '2023-06-22', 0, 0, 0, NULL, NULL, 0, 10000000000),
(250, 10, NULL, NULL, 524999996.02635705, 0.0000008344650268554688, '2023-07-22', 0, 0, 0, NULL, NULL, 0, 10000000000),
(251, 9, NULL, NULL, 1774999996.0263572, 8333333333.333333, '2021-07-22', 0, 0, 0, NULL, NULL, 0, 10000000000),
(252, 9, NULL, NULL, 1774999996.0263572, 6666666666.666666, '2021-08-22', 0, 0, 0, NULL, NULL, 0, 10000000000),
(253, 9, NULL, NULL, 1774999996.0263572, 4999999999.999999, '2021-09-22', 0, 0, 0, NULL, NULL, 0, 10000000000),
(254, 9, NULL, NULL, 1774999996.0263572, 3333333333.333332, '2021-10-22', 0, 0, 0, NULL, NULL, 0, 10000000000),
(255, 9, NULL, NULL, 1774999996.0263572, 1666666666.6666653, '2021-11-22', 0, 0, 0, NULL, NULL, 0, 10000000000),
(256, 9, NULL, NULL, 1774999996.0263572, 0.000001430511474609375, '2021-12-22', 0, 0, 0, NULL, NULL, 0, 10000000000),
(257, 11, NULL, NULL, 170833333.3954215, 833333333.3333334, '2021-07-20', 0, 0, 0, NULL, NULL, 0, 1000000000),
(258, 11, NULL, NULL, 170833333.3954215, 666666666.6666667, '2021-08-20', 0, 0, 0, NULL, NULL, 0, 1000000000),
(259, 11, NULL, NULL, 170833333.3954215, 500000000.0000001, '2021-09-20', 0, 0, 0, NULL, NULL, 0, 1000000000),
(260, 11, NULL, NULL, 170833333.3954215, 333333333.3333335, '2021-10-20', 0, 0, 0, NULL, NULL, 0, 1000000000),
(261, 11, NULL, NULL, 170833333.3954215, 166666666.66666684, '2021-11-20', 0, 0, 0, NULL, NULL, 0, 1000000000),
(262, 11, NULL, NULL, 170833333.3954215, 0.00000017881393432617188, '2021-12-20', 0, 0, 0, NULL, NULL, 0, 1000000000);

-- --------------------------------------------------------

--
-- Table structure for table `loantype`
--

CREATE TABLE `loantype` (
  `Id` int(11) NOT NULL,
  `Interest` double DEFAULT NULL,
  `Name` varchar(50) COLLATE utf8mb4_unicode_ci DEFAULT NULL,
  `Description` text COLLATE utf8mb4_unicode_ci DEFAULT NULL,
  `Status` tinyint(4) DEFAULT NULL
) ENGINE=InnoDB DEFAULT CHARSET=utf8mb4 COLLATE=utf8mb4_unicode_ci;

--
-- Dumping data for table `loantype`
--

INSERT INTO `loantype` (`Id`, `Interest`, `Name`, `Description`, `Status`) VALUES
(1, 0.1, 'Home Loan', '', 1),
(2, 0.13, 'Vehicle Loan', '', 1),
(3, 0.18, 'Personal Loan', '', 1),
(4, 0.05, 'Educational', '', 1);

-- --------------------------------------------------------

--
-- Table structure for table `paymentmethod`
--

CREATE TABLE `paymentmethod` (
  `Id` int(11) NOT NULL,
  `Name` varchar(50) COLLATE utf8mb4_unicode_ci DEFAULT NULL
) ENGINE=InnoDB DEFAULT CHARSET=utf8mb4 COLLATE=utf8mb4_unicode_ci;

--
-- Dumping data for table `paymentmethod`
--

INSERT INTO `paymentmethod` (`Id`, `Name`) VALUES
(1, 'Cash'),
(2, 'ATM Card'),
(3, 'Master Card'),
(4, 'Momo'),
(5, 'Zalopay'),
(6, 'Paypal');

-- --------------------------------------------------------

--
-- Table structure for table `paymenttype`
--

CREATE TABLE `paymenttype` (
  `Id` int(11) NOT NULL,
  `Name` varchar(50) COLLATE utf8mb4_unicode_ci DEFAULT NULL
) ENGINE=InnoDB DEFAULT CHARSET=utf8mb4 COLLATE=utf8mb4_unicode_ci;

--
-- Dumping data for table `paymenttype`
--

INSERT INTO `paymenttype` (`Id`, `Name`) VALUES
(1, 'Root: Month - Interest: Month');

--
-- Indexes for dumped tables
--

--
-- Indexes for table `account`
--
ALTER TABLE `account`
  ADD PRIMARY KEY (`Id`),
  ADD KEY `FK_Account_Authorities` (`AuthId`);

--
-- Indexes for table `authorities`
--
ALTER TABLE `authorities`
  ADD PRIMARY KEY (`Id`);

--
-- Indexes for table `customer`
--
ALTER TABLE `customer`
  ADD PRIMARY KEY (`Id`);

--
-- Indexes for table `fine`
--
ALTER TABLE `fine`
  ADD PRIMARY KEY (`Id`);

--
-- Indexes for table `loan`
--
ALTER TABLE `loan`
  ADD PRIMARY KEY (`Id`),
  ADD KEY `FK_Loan_LoanType` (`LoanTypeId`),
  ADD KEY `FK_Loan_Account` (`AccountId`),
  ADD KEY `FK_Loan_Customer` (`CustomerId`),
  ADD KEY `FK_Loan_PaymentType` (`PaymentTypeId`);

--
-- Indexes for table `loanandfinehistory`
--
ALTER TABLE `loanandfinehistory`
  ADD PRIMARY KEY (`Id`),
  ADD KEY `FK_LoanAndFineHistory_Loan` (`LoanId`),
  ADD KEY `FK_LoanAndFineHistory_Fine` (`FineId`),
  ADD KEY `FK_LoanAndFineHistory_PaymentMethod` (`PaymentMethodId`);

--
-- Indexes for table `loantype`
--
ALTER TABLE `loantype`
  ADD PRIMARY KEY (`Id`);

--
-- Indexes for table `paymentmethod`
--
ALTER TABLE `paymentmethod`
  ADD PRIMARY KEY (`Id`);

--
-- Indexes for table `paymenttype`
--
ALTER TABLE `paymenttype`
  ADD PRIMARY KEY (`Id`);

--
-- AUTO_INCREMENT for dumped tables
--

--
-- AUTO_INCREMENT for table `account`
--
ALTER TABLE `account`
  MODIFY `Id` int(11) NOT NULL AUTO_INCREMENT, AUTO_INCREMENT=6;

--
-- AUTO_INCREMENT for table `customer`
--
ALTER TABLE `customer`
  MODIFY `Id` int(11) NOT NULL AUTO_INCREMENT, AUTO_INCREMENT=5;

--
-- AUTO_INCREMENT for table `fine`
--
ALTER TABLE `fine`
  MODIFY `Id` int(11) NOT NULL AUTO_INCREMENT, AUTO_INCREMENT=4;

--
-- AUTO_INCREMENT for table `loan`
--
ALTER TABLE `loan`
  MODIFY `Id` int(11) NOT NULL AUTO_INCREMENT, AUTO_INCREMENT=31;

--
-- AUTO_INCREMENT for table `loanandfinehistory`
--
ALTER TABLE `loanandfinehistory`
  MODIFY `Id` int(11) NOT NULL AUTO_INCREMENT, AUTO_INCREMENT=263;

--
-- AUTO_INCREMENT for table `loantype`
--
ALTER TABLE `loantype`
  MODIFY `Id` int(11) NOT NULL AUTO_INCREMENT, AUTO_INCREMENT=5;

--
-- AUTO_INCREMENT for table `paymentmethod`
--
ALTER TABLE `paymentmethod`
  MODIFY `Id` int(11) NOT NULL AUTO_INCREMENT, AUTO_INCREMENT=7;

--
-- AUTO_INCREMENT for table `paymenttype`
--
ALTER TABLE `paymenttype`
  MODIFY `Id` int(11) NOT NULL AUTO_INCREMENT, AUTO_INCREMENT=2;

--
-- Constraints for dumped tables
--

--
-- Constraints for table `account`
--
ALTER TABLE `account`
  ADD CONSTRAINT `FK_Account_Authorities` FOREIGN KEY (`AuthId`) REFERENCES `authorities` (`Id`);

--
-- Constraints for table `loan`
--
ALTER TABLE `loan`
  ADD CONSTRAINT `FK_Loan_Account` FOREIGN KEY (`AccountId`) REFERENCES `account` (`Id`),
  ADD CONSTRAINT `FK_Loan_Customer` FOREIGN KEY (`CustomerId`) REFERENCES `customer` (`Id`),
  ADD CONSTRAINT `FK_Loan_LoanType` FOREIGN KEY (`LoanTypeId`) REFERENCES `loantype` (`Id`),
  ADD CONSTRAINT `FK_Loan_PaymentType` FOREIGN KEY (`PaymentTypeId`) REFERENCES `paymenttype` (`Id`);

--
-- Constraints for table `loanandfinehistory`
--
ALTER TABLE `loanandfinehistory`
  ADD CONSTRAINT `FK_LoanAndFineHistory_Fine` FOREIGN KEY (`FineId`) REFERENCES `fine` (`Id`),
  ADD CONSTRAINT `FK_LoanAndFineHistory_Loan` FOREIGN KEY (`LoanId`) REFERENCES `loan` (`Id`),
  ADD CONSTRAINT `FK_LoanAndFineHistory_PaymentMethod` FOREIGN KEY (`PaymentMethodId`) REFERENCES `paymentmethod` (`Id`);
COMMIT;

/*!40101 SET CHARACTER_SET_CLIENT=@OLD_CHARACTER_SET_CLIENT */;
/*!40101 SET CHARACTER_SET_RESULTS=@OLD_CHARACTER_SET_RESULTS */;
/*!40101 SET COLLATION_CONNECTION=@OLD_COLLATION_CONNECTION */;

